talent_id,title_id
nm0000128,tt1707386
nm0000307,tt1707386
nm0004216,tt1707386
nm0004266,tt1707386
nm0016342,tt1707386
nm0020692,tt1707386
nm0021571,tt1707386
nm0035713,tt1707386
nm0037973,tt1707386
nm0039507,tt1707386
nm0056187,tt1707386
nm0068442,tt1707386
nm0068699,tt1707386
nm0068925,tt1707386
nm0072719,tt1707386
nm0072724,tt1707386
nm0079677,tt1707386
nm0083790,tt1707386
nm0088045,tt1707386
nm0093291,tt0194074
nm0098842,tt1707386
nm0107101,tt1707386
nm0114132,tt1707386
nm0115095,tt1707386
nm0118688,tt1707386
nm0118909,tt1707386
nm0118924,tt1707386
nm0129035,tt1707386
nm0131624,tt1707386
nm0134025,tt1707386
nm0145287,tt1707386
nm0153862,tt1707386
nm0153877,tt1707386
nm0155415,tt0194074
nm0156359,tt1707386
nm0156804,tt0194074
nm0158292,tt1707386
nm0165015,tt1707386
nm0169299,tt1707386
nm0180470,tt1707386
nm0182992,tt1707386
nm0184082,tt1707386
nm0184703,tt1707386
nm0187692,tt1707386
nm0194034,tt1707386
nm0201757,tt1707386
nm0214625,tt1707386
nm0219766,tt1707386
nm0219917,tt1707386
nm0222822,tt1707386
nm0225323,tt1707386
nm0228960,tt1707386
nm0233025,tt1707386
nm0236071,tt1707386
nm0237694,tt1707386
nm0237948,tt1707386
nm0249276,tt1707386
nm0252231,tt1707386
nm0262665,tt1707386
nm0271479,tt1707386
nm0275972,tt1707386
nm0279839,tt1707386
nm0281448,tt1707386
nm0282332,tt1707386
nm0289313,tt1707386
nm0299040,tt1707386
nm0324009,tt1707386
nm0333816,tt1707386
nm0335446,tt1707386
nm0336855,tt1707386
nm0348289,tt1707386
nm0348695,tt1707386
nm0356204,tt0453720
nm0359486,tt1707386
nm0367816,tt1707386
nm0368814,tt1707386
nm0369854,tt1707386
nm0371735,tt1707386
nm0372585,tt1707386
nm0376939,tt1707386
nm0378609,tt1707386
nm0382980,tt1707386
nm0390319,tt1707386
nm0390610,tt1707386
nm0393799,tt1707386
nm0399176,tt1707386
nm0401076,tt1707386
nm0402484,tt1707386
nm0413168,tt1707386
nm0422679,tt1707386
nm0438842,tt1707386
nm0447353,tt1707386
nm0449599,tt1707386
nm0471014,tt1707386
nm0502734,tt1707386
nm0502952,tt0194074
nm0514915,tt0194074
nm0524706,tt1707386
nm0528498,tt1707386
nm0531197,tt1707386
nm0533583,tt1707386
nm0537124,tt1707386
nm0537839,tt1707386
nm0541306,tt1707386
nm0548210,tt1707386
nm0548857,tt1707386
nm0549861,tt1707386
nm0558334,tt1707386
nm0565223,tt1707386
nm0568834,tt1707386
nm0574199,tt1707386
nm0595988,tt0324972
nm0607068,tt1707386
nm0608416,tt1707386
nm0613093,tt1707386
nm0614109,tt1773067
nm0622172,tt1707386
nm0623677,tt1707386
nm0625144,tt1707386
nm0629933,tt1707386
nm0638080,tt1707386
nm0640435,tt1707386
nm0646817,tt1707386
nm0646941,tt1707386
nm0656347,tt1707386
nm0658342,tt0194074
nm0663008,tt1707386
nm0680445,tt1707386
nm0680509,tt6462996
nm0734687,tt0194074
nm0737575,tt1707386
nm0741192,tt1707386
nm0749270,tt1707386
nm0763060,tt1707386
nm0765398,tt1707386
nm0774744,tt1707386
nm0777827,tt1707386
nm0778171,tt1707386
nm0780718,tt1707386
nm0796306,tt1707386
nm0799784,tt1707386
nm0802866,tt1707386
nm0806905,tt1707386
nm0807833,tt1707386
nm0807942,tt1707386
nm0808908,tt1707386
nm0809588,tt1707386
nm0816934,tt1707386
nm0817892,tt1707386
nm0819734,tt1707386
nm0824438,tt1707386
nm0829378,tt1707386
nm0831342,tt1707386
nm0839682,tt1707386
nm0851198,tt1707386
nm0862132,tt1707386
nm0866574,tt1707386
nm0870957,tt1707386
nm0877854,tt1707386
nm0890548,tt2235751
nm0893424,tt0194074
nm0895589,tt1707386
nm0911501,tt1707386
nm0912039,tt1707386
nm0912353,tt1707386
nm0915240,tt1707386
nm0919469,tt1254222
nm0922509,tt1707386
nm0929356,tt1707386
nm0931853,tt1707386
nm0932849,tt1707386
nm0941629,tt1707386
nm0943342,tt0194074
nm0950076,tt1707386
nm0962515,tt1707386
nm0962560,tt0194074
nm0971051,tt1707386
nm0974053,tt10919510
nm0974891,tt1707386
nm1003149,tt1707386
nm1010108,tt1707386
nm1012984,tt1707386
nm1016172,tt1707386
nm1016950,tt1707386
nm1019724,tt1707386
nm10205017,tt1707386
nm1032920,tt0194074
nm10367014,tt1707386
nm10368749,tt8070516
nm10413863,tt1707386
nm1061249,tt1707386
nm1082588,tt5211584
nm1086543,tt1707386
nm10963201,tt10919510
nm1105675,tt1707386
nm1106960,tt1707386
nm1113150,tt1707386
nm1114191,tt1707386
nm1125837,tt1707386
nm1128414,tt1707386
nm1131493,tt1707386
nm1134023,tt1707386
nm1148054,tt1707386
nm1157799,tt1707386
nm1159832,tt1254222
nm1161610,tt1707386
nm1167340,tt1707386
nm1181638,tt2235751
nm1190219,tt1707386
nm1200966,tt0194074
nm1221293,tt1707386
nm1222404,tt1707386
nm1225868,tt1707386
nm1227297,tt1707386
nm1232216,tt1707386
nm1236010,tt1707386
nm1242705,tt1707386
nm1243038,tt1707386
nm1244190,tt1707386
nm1247272,tt1707386
nm1250449,tt1707386
nm1265650,tt1707386
nm1272163,tt1707386
nm1283886,tt1707386
nm1290508,tt1707386
nm1300280,tt1707386
nm1303578,tt1707386
nm1317786,tt0063562
nm1341243,tt1707386
nm1343125,tt1707386
nm1348619,tt1707386
nm1349213,tt1707386
nm1349419,tt1707386
nm1364798,tt1707386
nm1370049,tt1707386
nm1379289,tt1707386
nm1392030,tt1707386
nm1392264,tt1707386
nm1414332,tt1707386
nm1437421,tt1254222
nm1438829,tt1707386
nm1442933,tt1707386
nm1446070,tt1707386
nm1449708,tt1707386
nm1450289,tt1707386
nm1454729,tt1707386
nm1480230,tt1707386
nm1483709,tt1707386
nm1483819,tt1707386
nm1488854,tt1707386
nm1497190,tt1707386
nm1519477,tt1707386
nm1519666,tt1707386
nm1533008,tt1707386
nm1535493,tt1707386
nm1536532,tt1707386
nm1543562,tt1707386
nm1544042,tt1707386
nm1546086,tt1707386
nm1546104,tt1707386
nm1546107,tt1707386
nm1546118,tt1707386
nm1550218,tt1707386
nm1584487,tt1707386
nm1587642,tt1707386
nm1598625,tt1707386
nm1599985,tt1707386
nm1622933,tt0194074
nm1629473,tt1707386
nm1636457,tt1707386
nm1643982,tt1707386
nm1651567,tt0194074
nm1652092,tt1707386
nm1704550,tt1707386
nm1709903,tt1707386
nm1751832,tt1707386
nm1756249,tt1707386
nm1776742,tt1707386
nm1780125,tt1707386
nm1799080,tt1707386
nm1811245,tt1707386
nm1815544,tt1707386
nm1819997,tt1707386
nm1821446,tt1707386
nm1833012,tt1707386
nm1844201,tt1707386
nm1850877,tt1707386
nm1861004,tt1707386
nm1866997,tt1707386
nm1868312,tt0453720
nm1877982,tt1707386
nm1882759,tt1707386
nm1884979,tt0453720
nm1889255,tt0194074
nm1908420,tt1707386
nm1909956,tt1707386
nm1920292,tt1707386
nm1920777,tt1707386
nm1930497,tt1707386
nm1930669,tt1707386
nm1944069,tt1707386
nm1955536,tt1707386
nm1967952,tt1707386
nm1979693,tt1707386
nm1997265,tt1707386
nm2028927,tt1707386
nm2033149,tt1707386
nm2041513,tt1707386
nm2051218,tt1707386
nm2055556,tt1707386
nm2069153,tt1707386
nm2075903,tt1707386
nm2077942,tt1707386
nm2092723,tt1707386
nm2101138,tt1707386
nm2107955,tt1707386
nm2139304,tt1707386
nm2159862,tt1707386
nm2165122,tt1707386
nm2198330,tt1707386
nm2198964,tt1707386
nm2214501,tt1707386
nm2245275,tt1707386
nm2247198,tt0194074
nm2249474,tt1707386
nm2255683,tt1707386
nm2256351,tt1707386
nm2259734,tt1707386
nm2261508,tt1707386
nm2294602,tt1707386
nm2296910,tt1707386
nm2301662,tt1707386
nm2305072,tt2235751
nm2330842,tt0324972
nm2333457,tt1707386
nm2348787,tt1707386
nm2357221,tt2235751
nm2369260,tt1707386
nm2410665,tt1707386
nm2415822,tt1707386
nm2417816,tt2235751
nm2425693,tt1707386
nm2432897,tt1707386
nm2436798,tt1707386
nm2437517,tt1707386
nm2462311,tt2235751
nm2501229,tt7937594
nm2503091,tt1707386
nm2527511,tt1707386
nm2536586,tt1707386
nm2541046,tt1707386
nm2548787,tt0964521
nm2550752,tt0964521
nm2551913,tt1707386
nm2552324,tt0964521
nm2586444,tt1707386
nm2606351,tt1707386
nm2606958,tt1707386
nm2612049,tt1707386
nm2632721,tt1838735
nm2632843,tt1707386
nm2633115,tt1707386
nm2644775,tt1707386
nm2647005,tt1707386
nm2668074,tt1707386
nm2698425,tt1707386
nm2725924,tt1707386
nm2733706,tt1707386
nm2786394,tt1707386
nm2788562,tt1707386
nm2796949,tt1707386
nm2805780,tt1123919
nm2809546,tt1123919
nm2812357,tt1707386
nm2814765,tt1707386
nm2827177,tt1707386
nm2830840,tt1707386
nm2840467,tt1707386
nm2847989,tt1707386
nm2850355,tt1707386
nm2857515,tt1707386
nm2858843,tt1707386
nm2859691,tt1707386
nm2865150,tt1707386
nm2870046,tt1707386
nm2885819,tt1707386
nm2887737,tt1707386
nm2893362,tt1707386
nm2895064,tt1707386
nm2898547,tt1707386
nm2906343,tt1707386
nm2906799,tt1707386
nm2909932,tt1707386
nm2916196,tt1707386
nm2918048,tt1707386
nm2930307,tt1707386
nm2939508,tt1707386
nm2939636,tt1707386
nm2940103,tt1707386
nm2940424,tt1707386
nm2940590,tt1707386
nm2940703,tt1707386
nm2940706,tt1707386
nm2940855,tt1707386
nm2941514,tt1707386
nm2941542,tt1707386
nm2944636,tt1707386
nm2950276,tt1707386
nm2950829,tt1707386
nm2950830,tt1707386
nm2980401,tt1707386
nm3004958,tt1707386
nm3021310,tt1707386
nm3031883,tt1707386
nm3043924,tt1707386
nm3048131,tt1707386
nm3059600,tt1254222
nm3079560,tt1707386
nm3112948,tt1707386
nm3117815,tt1707386
nm3117836,tt1707386
nm3119055,tt1707386
nm3171655,tt1707386
nm3172121,tt1707386
nm3173584,tt1707386
nm3174397,tt1707386
nm3184913,tt1707386
nm3191193,tt1707386
nm3197707,tt1707386
nm3220135,tt1707386
nm3241584,tt1707386
nm3254607,tt1707386
nm3276139,tt1707386
nm3320784,tt2944480
nm3333501,tt1838735
nm3336678,tt1707386
nm3342825,tt1707386
nm3420472,tt1707386
nm3424990,tt1707386
nm3429695,tt1707386
nm3457473,tt1707386
nm3482517,tt1707386
nm3525188,tt8070516
nm3526707,tt0194074
nm3532148,tt1707386
nm3543308,tt1707386
nm3567825,tt1707386
nm3577539,tt1707386
nm3601830,tt1707386
nm3605833,tt1707386
nm3606079,tt1707386
nm3641075,tt1707386
nm3681667,tt1707386
nm3699430,tt1707386
nm3703438,tt1707386
nm3745225,tt1707386
nm3756668,tt0194074
nm3770126,tt0194074
nm3770209,tt0194074
nm3770247,tt0194074
nm3770340,tt0194074
nm3770360,tt0194074
nm3770451,tt0194074
nm3770938,tt0194074
nm3770963,tt0194074
nm3771017,tt0194074
nm3773582,tt1707386
nm3778119,tt0194074
nm3778132,tt0194074
nm3778166,tt0194074
nm3778188,tt0194074
nm3778288,tt0194074
nm3778429,tt0194074
nm3778589,tt0194074
nm3778591,tt0194074
nm3778638,tt0194074
nm3778732,tt0194074
nm3778853,tt0194074
nm3778862,tt0194074
nm3778893,tt0194074
nm3778950,tt0194074
nm3779105,tt0194074
nm3779215,tt0194074
nm3779319,tt0194074
nm3779334,tt0194074
nm3779481,tt0194074
nm3779497,tt0194074
nm3779545,tt0194074
nm3779547,tt0194074
nm3779549,tt0194074
nm3779553,tt0194074
nm3779596,tt0194074
nm3779825,tt0194074
nm3779836,tt0194074
nm3779874,tt0194074
nm3779889,tt0194074
nm3780053,tt1707386
nm3788064,tt1707386
nm3802726,tt2495788
nm3832017,tt1707386
nm3854782,tt1707386
nm3872762,tt1707386
nm3874785,tt1707386
nm3883703,tt1707386
nm3911703,tt1707386
nm3914537,tt1707386
nm3916941,tt1707386
nm3922302,tt1707386
nm3923286,tt1707386
nm3931920,tt1707386
nm3960256,tt1707386
nm3978842,tt1707386
nm3981785,tt1707386
nm3989176,tt1707386
nm3998026,tt1707386
nm3999295,tt1707386
nm4031647,tt1707386
nm4036359,tt1707386
nm4052654,tt1838735
nm4068490,tt1707386
nm4100318,tt1707386
nm4140852,tt1707386
nm4148136,tt1707386
nm4152987,tt1707386
nm4158189,tt1707386
nm4170740,tt1707386
nm4175732,tt2495788
nm4178701,tt1707386
nm4190833,tt1707386
nm4199964,tt1707386
nm4205799,tt1707386
nm4225853,tt1707386
nm4230387,tt1707386
nm4235611,tt1707386
nm4242784,tt2235751
nm4280239,tt1707386
nm4286064,tt1707386
nm4287614,tt1707386
nm4290209,tt1707386
nm4310407,tt1707386
nm4311701,tt1838735
nm4311808,tt1838735
nm4311972,tt1838735
nm4312059,tt1838735
nm4312202,tt1838735
nm4312215,tt1838735
nm4312219,tt1838735
nm4312240,tt1838735
nm4312264,tt1838735
nm4312609,tt1838735
nm4312703,tt1838735
nm4313064,tt1838735
nm4313870,tt1707386
nm4319479,tt1707386
nm4323951,tt1838735
nm4326119,tt1707386
nm4337789,tt1707386
nm4337807,tt1707386
nm4337810,tt1707386
nm4337865,tt1707386
nm4337876,tt1707386
nm4345118,tt1707386
nm4351827,tt1707386
nm4356513,tt1707386
nm4356599,tt1707386
nm4359007,tt1707386
nm4380320,tt1707386
nm4384453,tt1707386
nm4387219,tt1707386
nm4390920,tt1707386
nm4391439,tt1707386
nm4393404,tt1707386
nm4402756,tt1707386
nm4403967,tt1707386
nm4426775,tt1707386
nm4434152,tt1707386
nm4443557,tt1707386
nm4450402,tt1707386
nm4452851,tt1707386
nm4458225,tt1707386
nm4467261,tt1707386
nm4467728,tt1707386
nm4472034,tt1707386
nm4491241,tt1707386
nm4499183,tt0063562
nm4513401,tt1707386
nm4545047,tt1707386
nm4546702,tt1707386
nm4547188,tt1707386
nm4561595,tt1707386
nm4562654,tt1707386
nm4562901,tt1707386
nm4564395,tt1707386
nm4567425,tt1707386
nm4574435,tt1707386
nm4576614,tt2032551
nm4577278,tt2032551
nm4577356,tt2032551
nm4577388,tt2032551
nm4585346,tt1707386
nm4635997,tt1707386
nm4655294,tt1707386
nm4663059,tt1707386
nm4666855,tt1707386
nm4668751,tt2032551
nm4669023,tt2032551
nm4669090,tt2032551
nm4680663,tt1707386
nm4685768,tt2944480
nm4695972,tt1707386
nm4711112,tt1707386
nm4722672,tt1707386
nm4756709,tt1707386
nm4760410,tt2495788
nm4793928,tt1707386
nm4796016,tt1707386
nm4849417,tt1707386
nm4849434,tt1707386
nm4849526,tt1838735
nm4850336,tt1707386
nm4850347,tt1707386
nm4861371,tt1707386
nm4861917,tt1707386
nm4862068,tt1707386
nm4862455,tt1707386
nm4888556,tt1707386
nm4889743,tt1707386
nm4897370,tt1707386
nm4909534,tt1707386
nm4910560,tt1707386
nm4910743,tt1707386
nm4910847,tt1707386
nm4948519,tt1707386
nm4961623,tt1707386
nm4963059,tt1707386
nm4968486,tt1707386
nm4973374,tt1707386
nm4984937,tt1707386
nm4989644,tt1707386
nm4994798,tt1707386
nm4994847,tt1707386
nm4998964,tt1707386
nm4998989,tt1707386
nm4998992,tt1707386
nm5003410,tt1707386
nm5027793,tt1707386
nm5038602,tt1707386
nm5042683,tt1707386
nm5052084,tt1707386
nm5057100,tt2944480
nm5058770,tt2944480
nm5064029,tt1707386
nm5065338,tt1707386
nm5065746,tt1707386
nm5069991,tt1707386
nm5070625,tt1707386
nm5078858,tt1707386
nm5081192,tt1707386
nm5083737,tt1707386
nm5107691,tt1707386
nm5108846,tt1707386
nm5109332,tt1707386
nm5128845,tt1707386
nm5130168,tt1707386
nm5131638,tt1707386
nm5136098,tt1707386
nm5136813,tt1707386
nm5142916,tt1707386
nm5148368,tt1707386
nm5158734,tt1707386
nm5175882,tt1707386
nm5181857,tt1707386
nm5186400,tt1707386
nm5196781,tt1707386
nm5210974,tt1707386
nm5213009,tt1707386
nm5240056,tt1707386
nm5246210,tt2944480
nm5246444,tt2944480
nm5275863,tt1707386
nm5286624,tt1707386
nm5289148,tt1707386
nm5289194,tt1707386
nm5291755,tt1707386
nm5296911,tt1707386
nm5322178,tt1707386
nm5328693,tt1707386
nm5338197,tt1707386
nm5343440,tt1707386
nm5363956,tt1707386
nm5377948,tt1707386
nm5381743,tt1707386
nm5381804,tt1707386
nm5390029,tt1707386
nm5390145,tt1707386
nm5390240,tt1707386
nm5391353,tt1707386
nm5391416,tt1707386
nm5391612,tt1707386
nm5391976,tt1707386
nm5392085,tt1707386
nm5392361,tt1707386
nm5393110,tt2495788
nm5393217,tt2495788
nm5393253,tt1707386
nm5393263,tt2495788
nm5393279,tt2495788
nm5393343,tt1707386
nm5393508,tt1707386
nm5393513,tt1707386
nm5393614,tt2495788
nm5393680,tt2495788
nm5393690,tt1707386
nm5393728,tt2495788
nm5393749,tt1707386
nm5393921,tt1707386
nm5393989,tt2495788
nm5394000,tt1707386
nm5394019,tt2495788
nm5394062,tt1707386
nm5394075,tt1707386
nm5394105,tt1707386
nm5394142,tt2495788
nm5394156,tt1707386
nm5394228,tt1707386
nm5394286,tt1707386
nm5394299,tt1707386
nm5394324,tt2495788
nm5394377,tt1707386
nm5394430,tt2495788
nm5394442,tt1707386
nm5394487,tt1707386
nm5394489,tt2495788
nm5394547,tt1707386
nm5394558,tt1707386
nm5394579,tt2495788
nm5394619,tt2495788
nm5394651,tt1707386
nm5394663,tt1707386
nm5394824,tt2495788
nm5394893,tt1707386
nm5394909,tt2495788
nm5395005,tt1707386
nm5395013,tt1707386
nm5395080,tt1707386
nm5395085,tt2495788
nm5395107,tt1707386
nm5395138,tt2495788
nm5395218,tt1707386
nm5395272,tt2495788
nm5395327,tt1707386
nm5395555,tt1707386
nm5398311,tt1707386
nm5400397,tt1707386
nm5427718,tt1707386
nm5441387,tt1707386
nm5443947,tt1707386
nm5460165,tt1773067
nm5460890,tt1773067
nm5485094,tt1707386
nm5487773,tt1707386
nm5487807,tt1707386
nm5487814,tt1707386
nm5487830,tt1707386
nm5487843,tt1707386
nm5487892,tt1707386
nm5487899,tt1707386
nm5487904,tt1707386
nm5487909,tt1707386
nm5487918,tt1707386
nm5487926,tt1707386
nm5487933,tt1707386
nm5487980,tt1707386
nm5487984,tt1707386
nm5488000,tt1707386
nm5488015,tt1707386
nm5488019,tt1707386
nm5488022,tt1707386
nm5488025,tt1707386
nm5488029,tt1707386
nm5488034,tt1707386
nm5488047,tt1707386
nm5488053,tt1707386
nm5488059,tt1707386
nm5488061,tt1707386
nm5488071,tt1707386
nm5488081,tt1707386
nm5488089,tt1707386
nm5488097,tt1707386
nm5488105,tt1707386
nm5488116,tt1707386
nm5488121,tt1707386
nm5488127,tt1707386
nm5488132,tt1707386
nm5488145,tt1707386
nm5488147,tt1707386
nm5488152,tt1707386
nm5488198,tt1707386
nm5488204,tt1707386
nm5488290,tt1707386
nm5488305,tt1707386
nm5488309,tt1707386
nm5488355,tt1707386
nm5488358,tt1707386
nm5488360,tt1707386
nm5488361,tt1707386
nm5488364,tt1707386
nm5488374,tt1707386
nm5488380,tt1707386
nm5488391,tt1707386
nm5488419,tt1707386
nm5488426,tt1707386
nm5488429,tt1707386
nm5488430,tt1707386
nm5488431,tt1707386
nm5488432,tt1707386
nm5488437,tt1707386
nm5488470,tt1707386
nm5488472,tt1707386
nm5488522,tt1707386
nm5488529,tt1707386
nm5488530,tt1707386
nm5488532,tt1707386
nm5488576,tt1707386
nm5488585,tt1707386
nm5488598,tt1707386
nm5488631,tt1707386
nm5488640,tt1707386
nm5488653,tt1707386
nm5488676,tt1707386
nm5488680,tt1707386
nm5488697,tt1707386
nm5488704,tt1707386
nm5488705,tt1707386
nm5488713,tt1707386
nm5488729,tt1707386
nm5488765,tt1707386
nm5488772,tt1707386
nm5488776,tt1707386
nm5488781,tt1707386
nm5488786,tt1707386
nm5488791,tt1707386
nm5488794,tt1707386
nm5488802,tt1707386
nm5488805,tt1707386
nm5488807,tt1707386
nm5488813,tt1707386
nm5488830,tt1707386
nm5488849,tt1707386
nm5488856,tt1707386
nm5488863,tt1707386
nm5488871,tt1707386
nm5488884,tt1707386
nm5488898,tt1707386
nm5488924,tt1707386
nm5488925,tt1707386
nm5488940,tt1707386
nm5488941,tt1707386
nm5488950,tt1707386
nm5488956,tt1707386
nm5488957,tt1707386
nm5488958,tt1707386
nm5488962,tt1707386
nm5488975,tt1707386
nm5539177,tt1707386
nm5600183,tt2944480
nm5601041,tt1707386
nm5639352,tt1707386
nm5654927,tt1707386
nm5696674,tt2944480
nm5697061,tt2944480
nm5697533,tt2944480
nm5699635,tt2944480
nm5702267,tt2944480
nm5798703,tt1707386
nm5900520,tt1707386
nm6029196,tt1707386
nm6039527,tt1707386
nm6144607,tt8070516
nm6233630,tt1838735
nm6233631,tt1838735
nm6233640,tt1838735
nm6233647,tt1838735
nm6233662,tt1838735
nm6233663,tt1838735
nm6233706,tt1838735
nm6327275,tt1707386
nm6342478,tt1707386
nm6416859,tt1707386
nm6643242,tt1707386
nm6814429,tt8070516
nm7036572,tt7405150
nm7092715,tt5211584
nm7148106,tt8070516
nm7556177,tt8070516
nm7556796,tt5211584
nm7714404,tt5211584
nm7714405,tt5211584
nm7714406,tt5211584
nm7714407,tt5211584
nm7714408,tt5211584
nm7714410,tt5211584
nm7739535,tt5211584
nm7743284,tt5211584
nm7743285,tt5211584
nm7743286,tt5211584
nm7743287,tt5211584
nm7743289,tt5211584
nm7743290,tt5211584
nm7743292,tt5211584
nm7743294,tt5211584
nm7807234,tt5211584
nm8231923,tt8070516
nm8326420,tt8070516
nm8733637,tt6462996
nm8994909,tt8070516
nm9535459,tt1707386
nm9810884,tt8070516
